Campaign,Ad Group,Keyword,Criterion Type,Max CPC
AB Bouw — Totaalrenovatie — Search,Aanleiding,"huis gekocht renoveren",Phrase,7.00
AB Bouw — Totaalrenovatie — Search,Aanleiding,"woning gekocht renoveren",Phrase,7.00
AB Bouw — Totaalrenovatie — Search,Aanleiding,"renovatie na aankoop",Phrase,7.00
AB Bouw — Totaalrenovatie — Search,Aanleiding,"oude woning renoveren",Phrase,7.00
AB Bouw — Totaalrenovatie — Search,Aanleiding,"jaren 60 woning renoveren",Phrase,7.00
AB Bouw — Totaalrenovatie — Search,Aanleiding,"jaren 70 woning renoveren",Phrase,7.00
AB Bouw — Totaalrenovatie — Search,Aanleiding,"woning strippen en renoveren",Phrase,7.00
AB Bouw — Totaalrenovatie — Search,Aanleiding,"casco woning afwerken",Phrase,7.00
AB Bouw — Totaalrenovatie — Search,Aanleiding,"woning renoveren voor verhuur",Phrase,7.00
AB Bouw — Totaalrenovatie — Search,Aanleiding,"krot renoveren",Phrase,6.00
AB Bouw — Totaalrenovatie — Search,Aannemer,"renovatie aannemer",Phrase,7.00
AB Bouw — Totaalrenovatie — Search,Aannemer,"aannemer renovatie",Phrase,7.00
AB Bouw — Totaalrenovatie — Search,Aannemer,"algemene aannemer renovatie",Phrase,7.00
AB Bouw — Totaalrenovatie — Search,Aannemer,"aannemer verbouwing",Phrase,7.00
AB Bouw — Totaalrenovatie — Search,Aannemer,"renovatiebedrijf",Phrase,6.00
AB Bouw — Totaalrenovatie — Search,Aannemer,"aannemer totaalrenovatie",Phrase,7.00
AB Bouw — Totaalrenovatie — Search,Aannemer,"totaalrenovatie aannemer",Phrase,7.00
AB Bouw — Totaalrenovatie — Search,Aannemer,"verbouwingsbedrijf",Phrase,6.00
AB Bouw — Totaalrenovatie — Search,Totaalrenovatie,"totaalrenovatie",Phrase,6.00
AB Bouw — Totaalrenovatie — Search,Totaalrenovatie,"totaalrenovatie woning",Phrase,6.50
AB Bouw — Totaalrenovatie — Search,Totaalrenovatie,"totaalrenovatie huis",Phrase,6.50
AB Bouw — Totaalrenovatie — Search,Totaalrenovatie,"woning volledig renoveren",Phrase,6.50
AB Bouw — Totaalrenovatie — Search,Totaalrenovatie,"huis volledig renoveren",Phrase,6.50
AB Bouw — Totaalrenovatie — Search,Totaalrenovatie,"volledige renovatie woning",Phrase,6.50
