Campaign,Keyword,Criterion Type
AB Bouw — Totaalrenovatie — Search,"zelf renoveren",Negative Phrase
AB Bouw — Totaalrenovatie — Search,"doe het zelf",Negative Phrase
AB Bouw — Totaalrenovatie — Search,"stappenplan",Negative Phrase
AB Bouw — Totaalrenovatie — Search,"checklist",Negative Phrase
AB Bouw — Totaalrenovatie — Search,"opleiding",Negative Phrase
AB Bouw — Totaalrenovatie — Search,"cursus",Negative Phrase
AB Bouw — Totaalrenovatie — Search,"vacature",Negative Phrase
AB Bouw — Totaalrenovatie — Search,"jobs",Negative Phrase
AB Bouw — Totaalrenovatie — Search,"stage",Negative Phrase
AB Bouw — Totaalrenovatie — Search,"loon",Negative Phrase
AB Bouw — Totaalrenovatie — Search,"renovatielening",Negative Phrase
AB Bouw — Totaalrenovatie — Search,"hypotheek",Negative Phrase
AB Bouw — Totaalrenovatie — Search,"immoweb",Negative Phrase
AB Bouw — Totaalrenovatie — Search,"zimmo",Negative Phrase
AB Bouw — Totaalrenovatie — Search,"te huur",Negative Phrase
AB Bouw — Totaalrenovatie — Search,"nederland",Negative Phrase
AB Bouw — Totaalrenovatie — Search,"wallonie",Negative Phrase
AB Bouw — Totaalrenovatie — Search,"charleroi",Negative Phrase
AB Bouw — Totaalrenovatie — Search,"forum",Negative Phrase
AB Bouw — Totaalrenovatie — Search,"klachten",Negative Phrase
AB Bouw — Totaalrenovatie — Search,"failliet",Negative Phrase
AB Bouw — Totaalrenovatie — Search,"wikipedia",Negative Phrase
AB Bouw — Totaalrenovatie — Search,"betekenis",Negative Phrase
AB Bouw — Totaalrenovatie — Search,"tweedehands",Negative Phrase
AB Bouw — Totaalrenovatie — Search,"containerwoning",Negative Phrase
AB Bouw — Totaalrenovatie — Search,"mobilhome",Negative Phrase
AB Bouw — Totaalrenovatie — Search,"caravan",Negative Phrase
